{"cameraMode":{"drawMode":0,"name":"Shaded","section":"Shading Mode"},"sceneLighting":true,"audioPlay":false,"sceneViewState":{"m_AlwaysRefresh":false,"showFog":true,"showSkybox":true,"showFlares":true,"showImageEffects":true,"showParticleSystems":true,"showVisualEffectGraphs":true,"m_FxEnabled":true},"in2DMode":false,"pivot":{"x":588.7672119140625,"y":324.97552490234377,"z":44.28955078125},"rotation":{"x":-0.002997414441779256,"y":0.0016456956509500743,"z":-0.00004009970507468097,"w":1.0000067949295045},"size":250.9803466796875,"orthographic":false}