{"cameraMode":{"drawMode":0,"name":"Shaded","section":"Shading Mode"},"sceneLighting":true,"audioPlay":false,"sceneViewState":{"m_AlwaysRefresh":false,"showFog":true,"showSkybox":true,"showFlares":true,"showImageEffects":true,"showParticleSystems":true,"showVisualEffectGraphs":true,"m_FxEnabled":true},"in2DMode":false,"pivot":{"x":634.8622436523438,"y":275.17266845703127,"z":6.245715141296387},"rotation":{"x":0.13464874029159547,"y":0.7429121732711792,"z":-0.15721596777439118,"w":0.6365873217582703},"size":21.009796142578126,"orthographic":false}