{"cameraMode":{"drawMode":0,"name":"Shaded","section":"Shading Mode"},"sceneLighting":true,"audioPlay":false,"sceneViewState":{"m_AlwaysRefresh":false,"showFog":true,"showSkybox":true,"showFlares":true,"showImageEffects":true,"showParticleSystems":true,"showVisualEffectGraphs":true,"m_FxEnabled":true},"in2DMode":false,"pivot":{"x":560.2428588867188,"y":383.3034362792969,"z":31.611709594726564},"rotation":{"x":0.003000388154760003,"y":0.009312248788774014,"z":-0.00008698095189174637,"w":0.9999704360961914},"size":253.70504760742188,"orthographic":false}