{"cameraMode":{"drawMode":0,"name":"Shaded","section":"Shading Mode"},"sceneLighting":false,"audioPlay":false,"sceneViewState":{"m_AlwaysRefresh":false,"showFog":true,"showSkybox":false,"showFlares":true,"showImageEffects":true,"showParticleSystems":true,"showVisualEffectGraphs":true,"m_FxEnabled":true},"in2DMode":false,"pivot":{"x":3.0033092498779299,"y":0.06894049048423767,"z":-0.32447028160095217},"rotation":{"x":0.021780727431178094,"y":0.7502007484436035,"z":-0.024783706292510034,"w":0.6603651642799377},"size":2.2532896995544435,"orthographic":false}