{"cameraMode":{"drawMode":0,"name":"Shaded","section":"Shading Mode"},"sceneLighting":false,"audioPlay":false,"sceneViewState":{"m_AlwaysRefresh":false,"showFog":true,"showSkybox":false,"showFlares":true,"showImageEffects":true,"showParticleSystems":true,"showVisualEffectGraphs":true,"m_FxEnabled":true},"in2DMode":false,"pivot":{"x":4.016149997711182,"y":1.3157514333724976,"z":0.48800402879714968},"rotation":{"x":0.07301101088523865,"y":0.6932209730148315,"z":-0.07097373157739639,"w":0.7134795784950256},"size":4.228918075561523,"orthographic":false}