{"cameraMode":{"drawMode":0,"name":"Shaded","section":"Shading Mode"},"sceneLighting":false,"audioPlay":false,"sceneViewState":{"m_AlwaysRefresh":false,"showFog":true,"showSkybox":false,"showFlares":true,"showImageEffects":true,"showParticleSystems":true,"showVisualEffectGraphs":true,"m_FxEnabled":true},"in2DMode":false,"pivot":{"x":2.5949277877807619,"y":0.4969009757041931,"z":-1.7586863040924073},"rotation":{"x":-0.02705306001007557,"y":0.782576322555542,"z":0.034045033156871799,"w":0.6210126280784607},"size":2.0687873363494875,"orthographic":false}